No,Type,Name,Level,Region,Formula1,Formula2
1,Two tables,Main Baby Food Producers Performance,Company,Ukraine,"""Volume"", ""Company"", 11, ""VALUEC > 0""","""Value"", ""Company"", 11, ""VALUEC > 0"""
2,Table & Chart,Producers Volume Share: IMF + Dry Food + Puree,Company,Ukraine,"""Volume"", ""Company"", 11, 'PS0 == ""IMF"" | PS2 == ""Dry Food"" | PS3 == ""Savoury Meal"" | PS3 == ""Fruits""'","""Volume"", ""Company"", 11, 'PS0 == ""IMF"" | PS2 == ""Dry Food"" | PS3 == ""Savoury Meal"" | PS3 == ""Fruits""'"
3,Table & Chart,Brands Volume Share: IMF + Dry Food + Puree,Brand,Ukraine,"""Volume"", ""Brand"", 11, 'PS0 == ""IMF"" | PS2 == ""Dry Food"" | PS3 == ""Savoury Meal"" | PS3 == ""Fruits""'","""Volume"", ""Brand"", 11, 'PS0 == ""IMF"" | PS2 == ""Dry Food"" | PS3 == ""Savoury Meal"" | PS3 == ""Fruits""'"
4,Table & Chart,Producers Volume Share: IMF + Dry Food,Company,Ukraine,"""Volume"", ""Company"", 11, 'PS0 == ""IMF"" | PS2 == ""Dry Food""'","""Volume"", ""Company"", 11, 'PS0 == ""IMF"" | PS2 == ""Dry Food""'"
5,Table & Chart,Brands Volume Share: IMF + Dry Food,Brand,Ukraine,"""Volume"", ""Brand"", 11, 'PS0 == ""IMF"" | PS2 == ""Dry Food""'","""Volume"", ""Brand"", 11, 'PS0 == ""IMF"" | PS2 == ""Dry Food""'"
6,Table & Chart,Brands Value Share: IMF + Dry Food,Brand,Ukraine,"""Value"", ""Brand"", 11, 'PS0 == ""IMF"" | PS2 == ""Dry Food""'","""Value"", ""Brand"", 11, 'PS0 == ""IMF"" | PS2 == ""Dry Food""'"
7,Two charts 1,Specials / Plus / Base IF / Base FO / Base Gum segments,IMFSegment,Ukraine,"""Volume"", ""IMFSegment"", 9, 'PS0 == ""IMF""'","""Value"", ""IMFSegment"", 9, 'PS0 == ""IMF""'"
8,Two charts 2,Price Segments: IMF,PriceSegment,Ukraine,"""Volume"", ""PriceSegment"", 3, 'PS0 == ""IMF""'","""Value"", ""PriceSegment"", 3, 'PS0 == ""IMF""'"
9,Price Segment,Price segments in absolute volume IMF,PriceSegmentAbs,Ukraine,"""Volume"", ""PriceSegment"", 3, 'PS0 == ""IMF""'","""Volume"", ""PriceSegment"", 3, 'PS0 == ""IMF""'"
10,Table & Chart,Producers Volume Share: IMF,Company,Ukraine,"""Volume"", ""Company"", 11, 'PS0 == ""IMF""'","""Volume"", ""Company"", 11, 'PS0 == ""IMF""'"
11,Table & Chart,Producers Value Share: IMF,Company,Ukraine,"""Value"", ""Company"", 11, 'PS0 == ""IMF""'","""Value"", ""Company"", 11, 'PS0 == ""IMF""'"
12,Table & Chart,Brands Volume Share: IMF,Brand,Ukraine,"""Volume"", ""Brand"", 11, 'PS0 == ""IMF""'","""Volume"", ""Brand"", 11, 'PS0 == ""IMF""'"
13,Table & Chart,Brands Value Share: IMF,Brand,Ukraine,"""Value"", ""Brand"", 11, 'PS0 == ""IMF""'","""Value"", ""Brand"", 11, 'PS0 == ""IMF""'"
14,Table & Chart,Brands Volume Share: Premium IMF,Brand,Ukraine,"""Volume"", ""Brand"", 11, 'PS0 == ""IMF"" &  PriceSegment == ""Premium""'","""Volume"", ""Brand"", 11, 'PS0 == ""IMF"" &  PriceSegment == ""Premium""'"
15,Table & Chart,Brands Value Share: Premium IMF,Brand,Ukraine,"""Value"", ""Brand"", 11, 'PS0 == ""IMF"" &  PriceSegment == ""Premium""'","""Value"", ""Brand"", 11, 'PS0 == ""IMF"" &  PriceSegment == ""Premium""'"
16,Table & Chart,Brands Volume Share: Mainstream IMF,Brand,Ukraine,"""Volume"", ""Brand"", 11, 'PS0 == ""IMF"" &  PriceSegment == ""Mainstream""'","""Volume"", ""Brand"", 11, 'PS0 == ""IMF"" &  PriceSegment == ""Mainstream""'"
17,Table & Chart,Brands Value Share: Mainstream IMF,Brand,Ukraine,"""Value"", ""Brand"", 11, 'PS0 == ""IMF"" &  PriceSegment == ""Mainstream""'","""Value"", ""Brand"", 11, 'PS0 == ""IMF"" &  PriceSegment == ""Mainstream""'"
18,Two charts 2,Price Segments: Base IF,PriceSegment,Ukraine,"""Volume"", ""PriceSegment"", 3, 'PS2 == ""IF"" & PS3 == ""Base""'","""Value"", ""PriceSegment"", 3, 'PS2 == ""IF"" & PS3 == ""Base""'"
19,Price Segment,Price segments in absolute volume: Base IF,PriceSegmentAbs,Ukraine,"""Volume"", ""PriceSegment"", 3, 'PS2 == ""IF"" & PS3 == ""Base""'","""Volume"", ""PriceSegment"", 3, 'PS2 == ""IF"" & PS3 == ""Base""'"
20,Table & Chart,Producers Volume Share: Base IF,Company,Ukraine,"""Volume"", ""Company"", 10, 'PS2 == ""IF"" & PS3 == ""Base""'","""Volume"", ""Company"", 10, 'PS2 == ""IF"" & PS3 == ""Base""'"
21,Table & Chart,Producers Value Share: Base IF,Company,Ukraine,"""Value"", ""Company"", 10, 'PS2 == ""IF"" & PS3 == ""Base""'","""Value"", ""Company"", 10, 'PS2 == ""IF"" & PS3 == ""Base""'"
22,Table & Chart,Brands Volume Share: Base IF,Brand,Ukraine,"""Volume"", ""Brand"", 10, 'PS2 == ""IF"" & PS3 == ""Base""'","""Volume"", ""Brand"", 10, 'PS2 == ""IF"" & PS3 == ""Base""'"
23,Table & Chart,Brands Value Share: Base IF,Brand,Ukraine,"""Value"", ""Brand"", 10, 'PS2 == ""IF"" & PS3 == ""Base""'","""Value"", ""Brand"", 10, 'PS2 == ""IF"" & PS3 == ""Base""'"
24,Table & Chart,Brands Volume Share: Premium Base IF,Brand,Ukraine,"""Volume"", ""Brand"", 11, 'PS2 == ""IF"" &  PriceSegment == ""Premium""'","""Volume"", ""Brand"", 11, 'PS2 == ""IF"" &  PriceSegment == ""Premium""'"
25,Table & Chart,Brands Value Share: Premium Base IF,Brand,Ukraine,"""Value"", ""Brand"", 11, 'PS2 == ""IF"" &  PriceSegment == ""Premium""'","""Value"", ""Brand"", 11, 'PS2 == ""IF"" &  PriceSegment == ""Premium""'"
26,Table & Chart,Brands Volume Share: Mainstream Base IF,Brand,Ukraine,"""Volume"", ""Brand"", 11, 'PS2 == ""IF"" &  PriceSegment == ""Mainstream""'","""Volume"", ""Brand"", 11, 'PS2 == ""IF"" &  PriceSegment == ""Mainstream""'"
27,Table & Chart,Brands Value Share: Mainstream Base IF,Brand,Ukraine,"""Value"", ""Brand"", 11, 'PS2 == ""IF"" &  PriceSegment == ""Mainstream""'","""Value"", ""Brand"", 11, 'PS2 == ""IF"" &  PriceSegment == ""Mainstream""'"
28,Two charts 1,Price Segments: Base FO,PriceSegment,Ukraine,"""Volume"", ""PriceSegment"", 3, 'PS2 == ""FO"" & PS3 == ""Base""'","""Value"", ""PriceSegment"", 3, 'PS2 == ""FO"" & PS3 == ""Base""'"
29,Price Segment,Price segments in absolute volume: Base FO,PriceSegmentAbs,Ukraine,"""Volume"", ""PriceSegment"", 3, 'PS2 == ""FO"" & PS3 == ""Base""'","""Volume"", ""PriceSegment"", 3, 'PS2 == ""FO"" & PS3 == ""Base""'"
30,Table & Chart,Producers Volume Share: Base FO,Company,Ukraine,"""Volume"", ""Company"", 10, 'PS2 == ""FO"" & PS3 == ""Base""'","""Volume"", ""Company"", 10, 'PS2 == ""FO"" & PS3 == ""Base""'"
31,Table & Chart,Producers Value Share: Base FO,Company,Ukraine,"""Value"", ""Company"", 10, 'PS2 == ""FO"" & PS3 == ""Base""'","""Value"", ""Company"", 10, 'PS2 == ""FO"" & PS3 == ""Base""'"
32,Table & Chart,Brands Volume Share: Base FO,Brand,Ukraine,"""Volume"", ""Brand"", 10, 'PS2 == ""FO"" & PS3 == ""Base""'","""Volume"", ""Brand"", 10, 'PS2 == ""FO"" & PS3 == ""Base""'"
33,Table & Chart,Brands Value Share: Base FO,Brand,Ukraine,"""Value"", ""Brand"", 10, 'PS2 == ""FO"" & PS3 == ""Base""'","""Value"", ""Brand"", 10, 'PS2 == ""FO"" & PS3 == ""Base""'"
34,Table & Chart,Brands Volume Share: Premium Base FO,Brand,Ukraine,"""Volume"", ""Brand"", 11, 'PS2 == ""FO"" &  PriceSegment == ""Premium""'","""Volume"", ""Brand"", 11, 'PS2 == ""FO"" &  PriceSegment == ""Premium""'"
35,Table & Chart,Brands Value Share: Premium Base FO,Brand,Ukraine,"""Value"", ""Brand"", 11, 'PS2 == ""FO"" &  PriceSegment == ""Premium""'","""Value"", ""Brand"", 11, 'PS2 == ""FO"" &  PriceSegment == ""Premium""'"
36,Table & Chart,Brands Volume Share: Mainstream Base FO,Brand,Ukraine,"""Volume"", ""Brand"", 11, 'PS2 == ""FO"" &  PriceSegment == ""Mainstream""'","""Volume"", ""Brand"", 11, 'PS2 == ""FO"" &  PriceSegment == ""Mainstream""'"
37,Table & Chart,Brands Value Share: Mainstream Base FO,Brand,Ukraine,"""Value"", ""Brand"", 11, 'PS2 == ""FO"" &  PriceSegment == ""Mainstream""'","""Value"", ""Brand"", 11, 'PS2 == ""FO"" &  PriceSegment == ""Mainstream""'"
38,Two charts 1,Price Segments: Base Gum,PriceSegment,Ukraine,"""Volume"", ""PriceSegment"", 3, 'PS2 == ""Gum"" & PS3 == ""Base""'","""Value"", ""PriceSegment"", 3, 'PS2 == ""Gum"" & PS3 == ""Base""'"
39,Price Segment,Price segments in absolute volume: Base Gum,PriceSegmentAbs,Ukraine,"""Volume"", ""PriceSegment"", 3, 'PS2 == ""Gum"" & PS3 == ""Base""'","""Volume"", ""PriceSegment"", 3, 'PS2 == ""Gum"" & PS3 == ""Base""'"
40,Table & Chart,Producers Volume Share: Base Gum,Company,Ukraine,"""Volume"", ""Company"", 10, 'PS2 == ""Gum"" & PS3 == ""Base""'","""Volume"", ""Company"", 10, 'PS2 == ""Gum"" & PS3 == ""Base""'"
41,Table & Chart,Producers Value Share: Base Gum,Company,Ukraine,"""Value"", ""Company"", 10, 'PS2 == ""Gum"" & PS3 == ""Base""'","""Value"", ""Company"", 10, 'PS2 == ""Gum"" & PS3 == ""Base""'"
42,Table & Chart,Brands Volume Share: Base Gum,Brand,Ukraine,"""Volume"", ""Brand"", 10, 'PS2 == ""Gum"" & PS3 == ""Base""'","""Volume"", ""Brand"", 10, 'PS2 == ""Gum"" & PS3 == ""Base""'"
43,Table & Chart,Brands Value Share: Base Gum,Brand,Ukraine,"""Value"", ""Brand"", 10, 'PS2 == ""Gum"" & PS3 == ""Base""'","""Value"", ""Brand"", 10, 'PS2 == ""Gum"" & PS3 == ""Base""'"
44,Table & Chart,Brands Volume Share: Premium Base Gum,Brand,Ukraine,"""Volume"", ""Brand"", 11, 'PS2 == ""Gum"" & PriceSegment == ""Premium""'","""Volume"", ""Brand"", 11, 'PS2 == ""Gum"" & PriceSegment == ""Premium""'"
45,Table & Chart,Brands Value Share: Premium Base Gum,Brand,Ukraine,"""Value"", ""Brand"", 11, 'PS2 == ""Gum"" & PriceSegment == ""Premium""'","""Value"", ""Brand"", 11, 'PS2 == ""Gum"" & PriceSegment == ""Premium""'"
46,Table & Chart,Brands Volume Share: Mainstream Base Gum,Brand,Ukraine,"""Volume"", ""Brand"", 11, 'PS2 == ""Gum"" & PriceSegment == ""Mainstream""'","""Volume"", ""Brand"", 11, 'PS2 == ""Gum"" & PriceSegment == ""Mainstream""'"
47,Table & Chart,Brands Value Share: Mainstream Base Gum,Brand,Ukraine,"""Value"", ""Brand"", 11, 'PS2 == ""Gum"" & PriceSegment == ""Mainstream""'","""Value"", ""Brand"", 11, 'PS2 == ""Gum"" & PriceSegment == ""Mainstream""'"
48,Table & Chart,Brands Volume Share: Specials,Brand,Ukraine,"""Volume"", ""Brand"", 11, 'PS3 == ""Specials""'","""Volume"", ""Brand"", 11, 'PS3 == ""Specials""'"
49,Table & Chart,Brands Value Share: Specials,Brand,Ukraine,"""Value"", ""Brand"", 11, 'PS3 == ""Specials""'","""Value"", ""Brand"", 11, 'PS3 == ""Specials""'"
50,Table & Chart,Brands Volume Share: Allergy Treatment,Brand,Ukraine,"""Volume"", ""Brand"", 11, 'PS == ""Allergy Treatment""'","""Volume"", ""Brand"", 11, 'PS == ""Allergy Treatment""'"
51,Table & Chart,Brands Value Share: Allergy Treatment,Brand,Ukraine,"""Value"", ""Brand"", 11, 'PS == ""Allergy Treatment""'","""Value"", ""Brand"", 11, 'PS == ""Allergy Treatment""'"
52,Table & Chart,Brands Volume Share: Anti Reflux,Brand,Ukraine,"""Volume"", ""Brand"", 11, 'PS == ""Anti Reflux""'","""Volume"", ""Brand"", 11, 'PS == ""Anti Reflux""'"
53,Table & Chart,Brands Value Share: Anti Reflux,Brand,Ukraine,"""Value"", ""Brand"", 11, 'PS == ""Anti Reflux""'","""Value"", ""Brand"", 11, 'PS == ""Anti Reflux""'"
54,Table & Chart,Brands Volume Share: Diarrhea (Reduced/ No Lactose),Brand,Ukraine,"""Volume"", ""Brand"", 11, 'PS == ""DR-NL""'","""Volume"", ""Brand"", 11, 'PS == ""DR-NL""'"
55,Table & Chart,Brands Value Share: Diarrhea (Reduced/ No Lactose),Brand,Ukraine,"""Value"", ""Brand"", 11, 'PS == ""DR-NL""'","""Value"", ""Brand"", 11, 'PS == ""DR-NL""'"
56,Table & Chart,Brands Volume Share: Digestive Comfort,Brand,Ukraine,"""Volume"", ""Brand"", 11, 'PS == ""Digestive Comfort""'","""Volume"", ""Brand"", 11, 'PS == ""Digestive Comfort""'"
57,Table & Chart,Brands Value Share: Digestive Comfort,Brand,Ukraine,"""Value"", ""Brand"", 11, 'PS == ""Digestive Comfort""'","""Value"", ""Brand"", 11, 'PS == ""Digestive Comfort""'"
58,Table & Chart,Brands Volume Share: Hypoallergenic,Brand,Ukraine,"""Volume"", ""Brand"", 11, 'PS == ""Hypoallergenic""'","""Volume"", ""Brand"", 11, 'PS == ""Hypoallergenic""'"
59,Table & Chart,Brands Value Share: Hypoallergenic,Brand,Ukraine,"""Value"", ""Brand"", 11, 'PS == ""Hypoallergenic""'","""Value"", ""Brand"", 11, 'PS == ""Hypoallergenic""'"
60,Table & Chart,Brands Volume Share: Preterm,Brand,Ukraine,"""Volume"", ""Brand"", 11, 'PS == ""Preterm""'","""Volume"", ""Brand"", 11, 'PS == ""Preterm""'"
61,Table & Chart,Brands Value Share: Preterm,Brand,Ukraine,"""Value"", ""Brand"", 11, 'PS == ""Preterm""'","""Value"", ""Brand"", 11, 'PS == ""Preterm""'"
62,Price Segment,Price Segments: Dry Food,PriceSegment,Ukraine,"""Volume"", ""PriceSegment"", 3, 'PS2 == ""Gum"" & PS3 == ""Base""'","""Value"", ""PriceSegment"", 3, 'PS2 == ""Gum"" & PS3 == ""Base""'"
63,Table & Chart,Producers Volume Share: Dry Food,Company,Ukraine,"""Volume"", ""Company"", 10, 'PS2 == ""Dry Food""'","""Volume"", ""Company"", 10, 'PS2 == ""Dry Food""'"
64,Table & Chart,Producers Value Share: Dry Food,Company,Ukraine,"""Value"", ""Company"", 10, 'PS2 == ""Dry Food""'","""Value"", ""Company"", 10, 'PS2 == ""Dry Food""'"
65,Table & Chart,Brands Volume Share: Dry Food,Brand,Ukraine,"""Volume"", ""Brand"", 10, 'PS2 == ""Dry Food""'","""Volume"", ""Brand"", 10, 'PS2 == ""Dry Food""'"
66,Table & Chart,Brands Value Share: Dry Food,Brand,Ukraine,"""Value"", ""Brand"", 10, 'PS2 == ""Dry Food""'","""Value"", ""Brand"", 10, 'PS2 == ""Dry Food""'"
67,Table & Chart,Brands Volume Share: Premium Dry Food,Brand,Ukraine,"""Volume"", ""Brand"", 10, 'PS2 == ""Dry Food"" & PriceSegment == ""Premium""'","""Volume"", ""Brand"", 10, 'PS2 == ""Dry Food"" & PriceSegment == ""Premium""'"
68,Table & Chart,Brands Value Share: Premium Dry Food,Brand,Ukraine,"""Value"", ""Brand"", 10, 'PS2 == ""Dry Food"" & PriceSegment == ""Premium""'","""Value"", ""Brand"", 10, 'PS2 == ""Dry Food"" & PriceSegment == ""Premium""'"
69,Table & Chart,Brands Volume Share: Mainstream Dry Food,Brand,Ukraine,"""Volume"", ""Brand"", 10, 'PS2 == ""Dry Food"" & PriceSegment == ""Mainstream""'","""Volume"", ""Brand"", 10, 'PS2 == ""Dry Food"" & PriceSegment == ""Mainstream""'"
70,Table & Chart,Brands Value Share: Mainstream Dry Food,Brand,Ukraine,"""Value"", ""Brand"", 10, 'PS2 == ""Dry Food"" & PriceSegment == ""Mainstream""'","""Value"", ""Brand"", 10, 'PS2 == ""Dry Food"" & PriceSegment == ""Mainstream""'"
71,Two charts 1,Price Segments: Instant Cereals,PriceSegment,Ukraine,"""Volume"", ""PriceSegment"", 3, 'PS3 == ""Instant Cereals""'","""Value"", ""PriceSegment"", 3, 'PS3 == ""Instant Cereals""'"
72,Price Segment,Price segments in absolute volume: Instant Cereals,PriceSegmentAbs,Ukraine,"""Volume"", ""PriceSegment"", 3, 'PS3 == ""Instant Cereals""'","""Volume"", ""PriceSegment"", 3, 'PS3 == ""Instant Cereals""'"
73,Two charts 3,Milk / Plain Instant Cereals,ICSegment,Ukraine,"""Volume"", ""ICSegment"", 2, 'PS == ""IMC"" | PS == ""IPC""'","""Value"", ""ICSegment"", 2, 'PS == ""IMC"" | PS == ""IPC""'"
74,Table & Chart,Producers Volume Share: Instant Cereals,Company,Ukraine,"""Volume"", ""Company"", 10, 'PS3 == ""Instant Cereals""'","""Volume"", ""Company"", 10, 'PS3 == ""Instant Cereals""'"
75,Table & Chart,Producers Value Share: Instant Cereals,Company,Ukraine,"""Value"", ""Company"", 10, 'PS3 == ""Instant Cereals""'","""Value"", ""Company"", 10, 'PS3 == ""Instant Cereals""'"
76,Table & Chart,Brands Volume Share: Instant Cereals,Brand,Ukraine,"""Volume"", ""Brand"", 10, 'PS3 == ""Instant Cereals""'","""Volume"", ""Brand"", 10, 'PS3 == ""Instant Cereals""'"
77,Table & Chart,Brands Value Share: Instant Cereals,Brand,Ukraine,"""Value"", ""Brand"", 10, 'PS3 == ""Instant Cereals""'","""Value"", ""Brand"", 10, 'PS3 == ""Instant Cereals""'"
78,Table & Chart,Brands Volume Share: Premium Instant Cereals,Brand,Ukraine,"""Volume"", ""Brand"", 10, 'PS3 == ""Instant Cereals"" & PriceSegment == ""Premium""'","""Volume"", ""Brand"", 10, 'PS3 == ""Instant Cereals"" & PriceSegment == ""Premium""'"
79,Table & Chart,Brands Value Share: Premium Instant Cereals,Brand,Ukraine,"""Value"", ""Brand"", 10, 'PS3 == ""Instant Cereals"" & PriceSegment == ""Premium""'","""Value"", ""Brand"", 10, 'PS3 == ""Instant Cereals"" & PriceSegment == ""Premium""'"
80,Table & Chart,Brands Volume Share: Mainstream Instant Cereals,Brand,Ukraine,"""Volume"", ""Brand"", 10, 'PS3 == ""Instant Cereals"" & PriceSegment == ""Mainstream""'","""Volume"", ""Brand"", 10, 'PS3 == ""Instant Cereals"" & PriceSegment == ""Mainstream""'"
81,Table & Chart,Brands Value Share: Mainstream Instant Cereals,Brand,Ukraine,"""Value"", ""Brand"", 10, 'PS3 == ""Instant Cereals"" & PriceSegment == ""Mainstream""'","""Value"", ""Brand"", 10, 'PS3 == ""Instant Cereals"" & PriceSegment == ""Mainstream""'"
82,Price Segment,Price Segments: Cereal Biscuits,PriceSegment,Ukraine,"""Volume"", ""PriceSegment"", 3, 'PS3 == ""Cereal Biscuits""'","""Value"", ""PriceSegment"", 3, 'PS3 == ""Cereal Biscuits""'"
83,Table & Chart,Producers Volume Share: Cereal Biscuits,Company,Ukraine,"""Volume"", ""Company"", 10, 'PS3 == ""Cereal Biscuits""'","""Volume"", ""Company"", 10, 'PS3 == ""Cereal Biscuits""'"
84,Table & Chart,Producers Value Share: Cereal Biscuits,Company,Ukraine,"""Value"", ""Company"", 10, 'PS3 == ""Cereal Biscuits""'","""Value"", ""Company"", 10, 'PS3 == ""Cereal Biscuits""'"
85,Table & Chart,Brands Volume Share: Cereal Biscuits,Brand,Ukraine,"""Volume"", ""Brand"", 10, 'PS3 == ""Cereal Biscuits""'","""Volume"", ""Brand"", 10, 'PS3 == ""Cereal Biscuits""'"
86,Table & Chart,Brands Value Share: Cereal Biscuits,Brand,Ukraine,"""Value"", ""Brand"", 10, 'PS3 == ""Cereal Biscuits""'","""Value"", ""Brand"", 10, 'PS3 == ""Cereal Biscuits""'"
87,Table & Chart,Producers Volume Share: Puree,Company,Ukraine,"""Volume"", ""Company"", 10, 'PS3 == ""Fruits"" | PS3 == ""Savoury Meal""'","""Volume"", ""Company"", 10, 'PS3 == ""Fruits"" | PS3 == ""Savoury Meal""'"
88,Table & Chart,Producers Value Share: Puree,Company,Ukraine,"""Value"", ""Company"", 10, 'PS3 == ""Fruits"" | PS3 == ""Savoury Meal""'","""Value"", ""Company"", 10, 'PS3 == ""Fruits"" | PS3 == ""Savoury Meal""'"
89,Table & Chart,Brands Volume Share: Puree,Brand,Ukraine,"""Volume"", ""Brand"", 10, 'PS3 == ""Fruits"" | PS3 == ""Savoury Meal""'","""Volume"", ""Brand"", 10, 'PS3 == ""Fruits"" | PS3 == ""Savoury Meal""'"
90,Table & Chart,Brands Value Share: Puree,Brand,Ukraine,"""Value"", ""Brand"", 10, 'PS3 == ""Fruits"" | PS3 == ""Savoury Meal""'","""Value"", ""Brand"", 10, 'PS3 == ""Fruits"" | PS3 == ""Savoury Meal""'"
91,Table & Chart,Brands Volume Share: IMF + Dry Food + Puree,Brand,Center,"""Volume"", ""Brand"", 11, 'PS0 == ""IMF"" | PS2 == ""Dry Food"" | PS3 == ""Savoury Meal"" | PS3 == ""Fruits"" & Region == ""Center""'","""Volume"", ""Brand"", 11, 'PS0 == ""IMF"" | PS2 == ""Dry Food"" | PS3 == ""Savoury Meal"" | PS3 == ""Fruits"" & Region == ""Center""'"
92,Table & Chart,Brands Value Share: IMF + Dry Food + Puree,Brand,Center,"""Value"", ""Brand"", 11, 'PS0 == ""IMF"" | PS2 == ""Dry Food"" | PS3 == ""Savoury Meal"" | PS3 == ""Fruits"" & Region == ""Center""'","""Value"", ""Brand"", 11, 'PS0 == ""IMF"" | PS2 == ""Dry Food"" | PS3 == ""Savoury Meal"" | PS3 == ""Fruits"" & Region == ""Center""'"
93,Table & Chart,Brands Volume Share: IMF + Dry Food,Brand,Center,"""Volume"", ""Brand"", 11, 'PS0 == ""IMF"" | PS2 == ""Dry Food"" & Region == ""Center""'","""Volume"", ""Brand"", 11, 'PS0 == ""IMF"" | PS2 == ""Dry Food"" & Region == ""Center""'"
94,Table & Chart,Brands Value Share: IMF + Dry Food,Brand,Center,"""Value"", ""Brand"", 11, 'PS0 == ""IMF"" | PS2 == ""Dry Food"" & Region == ""Center""'","""Value"", ""Brand"", 11, 'PS0 == ""IMF"" | PS2 == ""Dry Food"" & Region == ""Center""'"
95,Two charts 1,Price Segments in absolute  volume,PriceSegmentAbs,Center,"""Volume"", ""PriceSegment"", 3, 'PS0 == ""IMF"" | PS2 == ""Dry Food"" & Region == ""Center""'","""Volume"", ""PriceSegment"", 3, 'PS0 == ""IMF"" | PS2 == ""Dry Food"" & Region == ""Center""'"
96,Table & Chart,Brands Volume Share: IMF,Brand,Center,"""Volume"", ""Brand"", 11, 'PS0 == ""IMF"" & Region == ""Center""'","""Volume"", ""Brand"", 11, 'PS0 == ""IMF"" & Region == ""Center""'"
97,Table & Chart,Brands Value Share: IMF,Brand,Center,"""Value"", ""Brand"", 11, 'PS0 == ""IMF"" & Region == ""Center""'","""Value"", ""Brand"", 11, 'PS0 == ""IMF"" & Region == ""Center""'"
98,Table & Chart,Brands Volume Share: Base IF,Brand,Center,"""Volume"", ""Brand"", 10, 'PS2 == ""IF"" & PS3 == ""Base"" & Region == ""Center""'","""Volume"", ""Brand"", 10, 'PS2 == ""IF"" & PS3 == ""Base"" & Region == ""Center""'"
99,Table & Chart,Brands Value Share: Base IF,Brand,Center,"""Value"", ""Brand"", 10, 'PS2 == ""IF"" & PS3 == ""Base"" & Region == ""Center""'","""Value"", ""Brand"", 10, 'PS2 == ""IF"" & PS3 == ""Base"" & Region == ""Center""'"
100,Table & Chart,Brands Volume Share: Base FO,Brand,Center,"""Volume"", ""Brand"", 10, 'PS2 == ""FO"" & PS3 == ""Base"" & Region == ""Center""'","""Volume"", ""Brand"", 10, 'PS2 == ""FO"" & PS3 == ""Base"" & Region == ""Center""'"
101,Table & Chart,Brands Value Share: Base FO,Brand,Center,"""Value"", ""Brand"", 10, 'PS2 == ""FO"" & PS3 == ""Base"" & Region == ""Center""'","""Value"", ""Brand"", 10, 'PS2 == ""FO"" & PS3 == ""Base"" & Region == ""Center""'"
102,Table & Chart,Brands Volume Share: Base Gum,Brand,Center,"""Volume"", ""Brand"", 10, 'PS2 == ""Gum"" & PS3 == ""Base"" & Region == ""Center""'","""Volume"", ""Brand"", 10, 'PS2 == ""Gum"" & PS3 == ""Base"" & Region == ""Center""'"
103,Table & Chart,Brands Value Share: Base Gum,Brand,Center,"""Value"", ""Brand"", 10, 'PS2 == ""Gum"" & PS3 == ""Base"" & Region == ""Center""'","""Value"", ""Brand"", 10, 'PS2 == ""Gum"" & PS3 == ""Base"" & Region == ""Center""'"
104,Table & Chart,Brands Volume Share: Specials,Brand,Center,"""Volume"", ""Brand"", 11, 'PS3 == ""Specials"" & Region == ""Center""'","""Volume"", ""Brand"", 11, 'PS3 == ""Specials"" & Region == ""Center""'"
105,Table & Chart,Brands Value Share: Specials,Brand,Center,"""Value"", ""Brand"", 11, 'PS3 == ""Specials"" & Region == ""Center""'","""Value"", ""Brand"", 11, 'PS3 == ""Specials"" & Region == ""Center""'"
106,Table & Chart,Brands Volume Share: Dry Food,Brand,Center,"""Volume"", ""Brand"", 10, 'PS2 == ""Dry Food"" & Region == ""Center""'","""Volume"", ""Brand"", 10, 'PS2 == ""Dry Food"" & Region == ""Center""'"
107,Table & Chart,Brands Value Share: Dry Food,Brand,Center,"""Value"", ""Brand"", 10, 'PS2 == ""Dry Food"" & Region == ""Center""'","""Value"", ""Brand"", 10, 'PS2 == ""Dry Food"" & Region == ""Center""'"
108,Table & Chart,Brands Volume Share: Instant Cereals,Brand,Center,"""Volume"", ""Brand"", 10, 'PS3 == ""Instant Cereals"" & Region == ""Center""'","""Volume"", ""Brand"", 10, 'PS3 == ""Instant Cereals"" & Region == ""Center""'"
109,Table & Chart,Brands Value Share: Instant Cereals,Brand,Center,"""Value"", ""Brand"", 10, 'PS3 == ""Instant Cereals"" & Region == ""Center""'","""Value"", ""Brand"", 10, 'PS3 == ""Instant Cereals"" & Region == ""Center""'"
110,Table & Chart,Brands Volume Share: Cereal Biscuits,Brand,Center,"""Volume"", ""Brand"", 10, 'PS3 == ""Cereal Biscuits"" & Region == ""Center""'","""Volume"", ""Brand"", 10, 'PS3 == ""Cereal Biscuits"" & Region == ""Center""'"
111,Table & Chart,Brands Value Share: Cereal Biscuits,Brand,Center,"""Value"", ""Brand"", 10, 'PS3 == ""Cereal Biscuits"" & Region == ""Center""'","""Value"", ""Brand"", 10, 'PS3 == ""Cereal Biscuits"" & Region == ""Center""'"
112,Table & Chart,Brands Volume Share: Puree,Brand,Center,"""Volume"", ""Brand"", 10, 'PS3 == ""Fruits"" | PS3 == ""Savoury Meal"" & Region == ""Center""'","""Volume"", ""Brand"", 10, 'PS3 == ""Fruits"" | PS3 == ""Savoury Meal"" & Region == ""Center""'"
113,Table & Chart,Brands Value Share: Puree,Brand,Center,"""Value"", ""Brand"", 10, 'PS3 == ""Fruits"" | PS3 == ""Savoury Meal"" & Region == ""Center""'","""Value"", ""Brand"", 10, 'PS3 == ""Fruits"" | PS3 == ""Savoury Meal"" & Region == ""Center""'"
114,Table & Chart,Brands Volume Share: IMF + Dry Food + Puree,Brand,East,"""Volume"", ""Brand"", 11, 'PS0 == ""IMF"" | PS2 == ""Dry Food"" | PS3 == ""Savoury Meal"" | PS3 == ""Fruits"" & Region == ""East""'","""Volume"", ""Brand"", 11, 'PS0 == ""IMF"" | PS2 == ""Dry Food"" | PS3 == ""Savoury Meal"" | PS3 == ""Fruits"" & Region == ""East""'"
115,Table & Chart,Brands Value Share: IMF + Dry Food + Puree,Brand,East,"""Value"", ""Brand"", 11, 'PS0 == ""IMF"" | PS2 == ""Dry Food"" | PS3 == ""Savoury Meal"" | PS3 == ""Fruits"" & Region == ""East""'","""Value"", ""Brand"", 11, 'PS0 == ""IMF"" | PS2 == ""Dry Food"" | PS3 == ""Savoury Meal"" | PS3 == ""Fruits"" & Region == ""East""'"
116,Table & Chart,Brands Volume Share: IMF + Dry Food,Brand,East,"""Volume"", ""Brand"", 11, 'PS0 == ""IMF"" | PS2 == ""Dry Food"" & Region == ""East""'","""Volume"", ""Brand"", 11, 'PS0 == ""IMF"" | PS2 == ""Dry Food"" & Region == ""East""'"
117,Table & Chart,Brands Value Share: IMF + Dry Food,Brand,East,"""Value"", ""Brand"", 11, 'PS0 == ""IMF"" | PS2 == ""Dry Food"" & Region == ""East""'","""Value"", ""Brand"", 11, 'PS0 == ""IMF"" | PS2 == ""Dry Food"" & Region == ""East""'"
118,Two charts 1,Price Segments in absolute  volume,PriceSegmentAbs,East,"""Volume"", ""PriceSegment"", 3, 'PS0 == ""IMF"" | PS2 == ""Dry Food"" & Region == ""East""'","""Volume"", ""PriceSegment"", 3, 'PS0 == ""IMF"" | PS2 == ""Dry Food"" & Region == ""East""'"
119,Table & Chart,Brands Volume Share: IMF,Brand,East,"""Volume"", ""Brand"", 11, 'PS0 == ""IMF"" & Region == ""East""'","""Volume"", ""Brand"", 11, 'PS0 == ""IMF"" & Region == ""East""'"
120,Table & Chart,Brands Value Share: IMF,Brand,East,"""Value"", ""Brand"", 11, 'PS0 == ""IMF"" & Region == ""East""'","""Value"", ""Brand"", 11, 'PS0 == ""IMF"" & Region == ""East""'"
121,Table & Chart,Brands Volume Share: Base IF,Brand,East,"""Volume"", ""Brand"", 10, 'PS2 == ""IF"" & PS3 == ""Base"" & Region == ""East""'","""Volume"", ""Brand"", 10, 'PS2 == ""IF"" & PS3 == ""Base"" & Region == ""East""'"
122,Table & Chart,Brands Value Share: Base IF,Brand,East,"""Value"", ""Brand"", 10, 'PS2 == ""IF"" & PS3 == ""Base"" & Region == ""East""'","""Value"", ""Brand"", 10, 'PS2 == ""IF"" & PS3 == ""Base"" & Region == ""East""'"
123,Table & Chart,Brands Volume Share: Base FO,Brand,East,"""Volume"", ""Brand"", 10, 'PS2 == ""FO"" & PS3 == ""Base"" & Region == ""East""'","""Volume"", ""Brand"", 10, 'PS2 == ""FO"" & PS3 == ""Base"" & Region == ""East""'"
124,Table & Chart,Brands Value Share: Base FO,Brand,East,"""Value"", ""Brand"", 10, 'PS2 == ""FO"" & PS3 == ""Base"" & Region == ""East""'","""Value"", ""Brand"", 10, 'PS2 == ""FO"" & PS3 == ""Base"" & Region == ""East""'"
125,Table & Chart,Brands Volume Share: Base Gum,Brand,East,"""Volume"", ""Brand"", 10, 'PS2 == ""Gum"" & PS3 == ""Base"" & Region == ""East""'","""Volume"", ""Brand"", 10, 'PS2 == ""Gum"" & PS3 == ""Base"" & Region == ""East""'"
126,Table & Chart,Brands Value Share: Base Gum,Brand,East,"""Value"", ""Brand"", 10, 'PS2 == ""Gum"" & PS3 == ""Base"" & Region == ""East""'","""Value"", ""Brand"", 10, 'PS2 == ""Gum"" & PS3 == ""Base"" & Region == ""East""'"
127,Table & Chart,Brands Volume Share: Specials,Brand,East,"""Volume"", ""Brand"", 11, 'PS3 == ""Specials"" & Region == ""East""'","""Volume"", ""Brand"", 11, 'PS3 == ""Specials"" & Region == ""East""'"
128,Table & Chart,Brands Value Share: Specials,Brand,East,"""Value"", ""Brand"", 11, 'PS3 == ""Specials"" & Region == ""East""'","""Value"", ""Brand"", 11, 'PS3 == ""Specials"" & Region == ""East""'"
129,Table & Chart,Brands Volume Share: Dry Food,Brand,East,"""Volume"", ""Brand"", 10, 'PS2 == ""Dry Food"" & Region == ""East""'","""Volume"", ""Brand"", 10, 'PS2 == ""Dry Food"" & Region == ""East""'"
130,Table & Chart,Brands Value Share: Dry Food,Brand,East,"""Value"", ""Brand"", 10, 'PS2 == ""Dry Food"" & Region == ""East""'","""Value"", ""Brand"", 10, 'PS2 == ""Dry Food"" & Region == ""East""'"
131,Table & Chart,Brands Volume Share: Instant Cereals,Brand,East,"""Volume"", ""Brand"", 10, 'PS3 == ""Instant Cereals"" & Region == ""East""'","""Volume"", ""Brand"", 10, 'PS3 == ""Instant Cereals"" & Region == ""East""'"
132,Table & Chart,Brands Value Share: Instant Cereals,Brand,East,"""Value"", ""Brand"", 10, 'PS3 == ""Instant Cereals"" & Region == ""East""'","""Value"", ""Brand"", 10, 'PS3 == ""Instant Cereals"" & Region == ""East""'"
133,Table & Chart,Brands Volume Share: Cereal Biscuits,Brand,East,"""Volume"", ""Brand"", 10, 'PS3 == ""Cereal Biscuits"" & Region == ""East""'","""Volume"", ""Brand"", 10, 'PS3 == ""Cereal Biscuits"" & Region == ""East""'"
134,Table & Chart,Brands Value Share: Cereal Biscuits,Brand,East,"""Value"", ""Brand"", 10, 'PS3 == ""Cereal Biscuits"" & Region == ""East""'","""Value"", ""Brand"", 10, 'PS3 == ""Cereal Biscuits"" & Region == ""East""'"
135,Table & Chart,Brands Volume Share: Puree,Brand,East,"""Volume"", ""Brand"", 10, 'PS3 == ""Fruits"" | PS3 == ""Savoury Meal"" & Region == ""East""'","""Volume"", ""Brand"", 10, 'PS3 == ""Fruits"" | PS3 == ""Savoury Meal"" & Region == ""East""'"
136,Table & Chart,Brands Value Share: Puree,Brand,East,"""Value"", ""Brand"", 10, 'PS3 == ""Fruits"" | PS3 == ""Savoury Meal"" & Region == ""East""'","""Value"", ""Brand"", 10, 'PS3 == ""Fruits"" | PS3 == ""Savoury Meal"" & Region == ""East""'"
137,Table & Chart,Brands Volume Share: IMF + Dry Food + Puree,Brand,South,"""Volume"", ""Brand"", 11, 'PS0 == ""IMF"" | PS2 == ""Dry Food"" | PS3 == ""Savoury Meal"" | PS3 == ""Fruits"" & Region == ""South""'","""Volume"", ""Brand"", 11, 'PS0 == ""IMF"" | PS2 == ""Dry Food"" | PS3 == ""Savoury Meal"" | PS3 == ""Fruits"" & Region == ""South""'"
138,Table & Chart,Brands Value Share: IMF + Dry Food + Puree,Brand,South,"""Value"", ""Brand"", 11, 'PS0 == ""IMF"" | PS2 == ""Dry Food"" | PS3 == ""Savoury Meal"" | PS3 == ""Fruits"" & Region == ""South""'","""Value"", ""Brand"", 11, 'PS0 == ""IMF"" | PS2 == ""Dry Food"" | PS3 == ""Savoury Meal"" | PS3 == ""Fruits"" & Region == ""South""'"
139,Table & Chart,Brands Volume Share: IMF + Dry Food,Brand,South,"""Volume"", ""Brand"", 11, 'PS0 == ""IMF"" | PS2 == ""Dry Food"" & Region == ""South""'","""Volume"", ""Brand"", 11, 'PS0 == ""IMF"" | PS2 == ""Dry Food"" & Region == ""South""'"
140,Table & Chart,Brands Value Share: IMF + Dry Food,Brand,South,"""Value"", ""Brand"", 11, 'PS0 == ""IMF"" | PS2 == ""Dry Food"" & Region == ""South""'","""Value"", ""Brand"", 11, 'PS0 == ""IMF"" | PS2 == ""Dry Food"" & Region == ""South""'"
141,Two charts 1,Price Segments in absolute  volume,PriceSegmentAbs,South,"""Volume"", ""PriceSegment"", 3, 'PS0 == ""IMF"" | PS2 == ""Dry Food"" & Region == ""South""'","""Volume"", ""PriceSegment"", 3, 'PS0 == ""IMF"" | PS2 == ""Dry Food"" & Region == ""South""'"
142,Table & Chart,Brands Volume Share: IMF,Brand,South,"""Volume"", ""Brand"", 11, 'PS0 == ""IMF"" & Region == ""South""'","""Volume"", ""Brand"", 11, 'PS0 == ""IMF"" & Region == ""South""'"
143,Table & Chart,Brands Value Share: IMF,Brand,South,"""Value"", ""Brand"", 11, 'PS0 == ""IMF"" & Region == ""South""'","""Value"", ""Brand"", 11, 'PS0 == ""IMF"" & Region == ""South""'"
144,Table & Chart,Brands Volume Share: Base IF,Brand,South,"""Volume"", ""Brand"", 10, 'PS2 == ""IF"" & PS3 == ""Base"" & Region == ""South""'","""Volume"", ""Brand"", 10, 'PS2 == ""IF"" & PS3 == ""Base"" & Region == ""South""'"
145,Table & Chart,Brands Value Share: Base IF,Brand,South,"""Value"", ""Brand"", 10, 'PS2 == ""IF"" & PS3 == ""Base"" & Region == ""South""'","""Value"", ""Brand"", 10, 'PS2 == ""IF"" & PS3 == ""Base"" & Region == ""South""'"
146,Table & Chart,Brands Volume Share: Base FO,Brand,South,"""Volume"", ""Brand"", 10, 'PS2 == ""FO"" & PS3 == ""Base"" & Region == ""South""'","""Volume"", ""Brand"", 10, 'PS2 == ""FO"" & PS3 == ""Base"" & Region == ""South""'"
147,Table & Chart,Brands Value Share: Base FO,Brand,South,"""Value"", ""Brand"", 10, 'PS2 == ""FO"" & PS3 == ""Base"" & Region == ""South""'","""Value"", ""Brand"", 10, 'PS2 == ""FO"" & PS3 == ""Base"" & Region == ""South""'"
148,Table & Chart,Brands Volume Share: Base Gum,Brand,South,"""Volume"", ""Brand"", 10, 'PS2 == ""Gum"" & PS3 == ""Base"" & Region == ""South""'","""Volume"", ""Brand"", 10, 'PS2 == ""Gum"" & PS3 == ""Base"" & Region == ""South""'"
149,Table & Chart,Brands Value Share: Base Gum,Brand,South,"""Value"", ""Brand"", 10, 'PS2 == ""Gum"" & PS3 == ""Base"" & Region == ""South""'","""Value"", ""Brand"", 10, 'PS2 == ""Gum"" & PS3 == ""Base"" & Region == ""South""'"
150,Table & Chart,Brands Volume Share: Specials,Brand,South,"""Volume"", ""Brand"", 11, 'PS3 == ""Specials"" & Region == ""South""'","""Volume"", ""Brand"", 11, 'PS3 == ""Specials"" & Region == ""South""'"
151,Table & Chart,Brands Value Share: Specials,Brand,South,"""Value"", ""Brand"", 11, 'PS3 == ""Specials"" & Region == ""South""'","""Value"", ""Brand"", 11, 'PS3 == ""Specials"" & Region == ""South""'"
152,Table & Chart,Brands Volume Share: Dry Food,Brand,South,"""Volume"", ""Brand"", 10, 'PS2 == ""Dry Food"" & Region == ""South""'","""Volume"", ""Brand"", 10, 'PS2 == ""Dry Food"" & Region == ""South""'"
153,Table & Chart,Brands Value Share: Dry Food,Brand,South,"""Value"", ""Brand"", 10, 'PS2 == ""Dry Food"" & Region == ""South""'","""Value"", ""Brand"", 10, 'PS2 == ""Dry Food"" & Region == ""South""'"
154,Table & Chart,Brands Volume Share: Instant Cereals,Brand,South,"""Volume"", ""Brand"", 10, 'PS3 == ""Instant Cereals"" & Region == ""South""'","""Volume"", ""Brand"", 10, 'PS3 == ""Instant Cereals"" & Region == ""South""'"
155,Table & Chart,Brands Value Share: Instant Cereals,Brand,South,"""Value"", ""Brand"", 10, 'PS3 == ""Instant Cereals"" & Region == ""South""'","""Value"", ""Brand"", 10, 'PS3 == ""Instant Cereals"" & Region == ""South""'"
156,Table & Chart,Brands Volume Share: Cereal Biscuits,Brand,South,"""Volume"", ""Brand"", 10, 'PS3 == ""Cereal Biscuits"" & Region == ""South""'","""Volume"", ""Brand"", 10, 'PS3 == ""Cereal Biscuits"" & Region == ""South""'"
157,Table & Chart,Brands Value Share: Cereal Biscuits,Brand,South,"""Value"", ""Brand"", 10, 'PS3 == ""Cereal Biscuits"" & Region == ""South""'","""Value"", ""Brand"", 10, 'PS3 == ""Cereal Biscuits"" & Region == ""South""'"
158,Table & Chart,Brands Volume Share: Puree,Brand,South,"""Volume"", ""Brand"", 10, 'PS3 == ""Fruits"" | PS3 == ""Savoury Meal"" & Region == ""South""'","""Volume"", ""Brand"", 10, 'PS3 == ""Fruits"" | PS3 == ""Savoury Meal"" & Region == ""South""'"
159,Table & Chart,Brands Value Share: Puree,Brand,South,"""Value"", ""Brand"", 10, 'PS3 == ""Fruits"" | PS3 == ""Savoury Meal"" & Region == ""South""'","""Value"", ""Brand"", 10, 'PS3 == ""Fruits"" | PS3 == ""Savoury Meal"" & Region == ""South""'"
160,Table & Chart,Brands Volume Share: IMF + Dry Food + Puree,Brand,West,"""Volume"", ""Brand"", 11, 'PS0 == ""IMF"" | PS2 == ""Dry Food"" | PS3 == ""Savoury Meal"" | PS3 == ""Fruits"" & Region == ""West""'","""Volume"", ""Brand"", 11, 'PS0 == ""IMF"" | PS2 == ""Dry Food"" | PS3 == ""Savoury Meal"" | PS3 == ""Fruits"" & Region == ""West""'"
161,Table & Chart,Brands Value Share: IMF + Dry Food + Puree,Brand,West,"""Value"", ""Brand"", 11, 'PS0 == ""IMF"" | PS2 == ""Dry Food"" | PS3 == ""Savoury Meal"" | PS3 == ""Fruits"" & Region == ""West""'","""Value"", ""Brand"", 11, 'PS0 == ""IMF"" | PS2 == ""Dry Food"" | PS3 == ""Savoury Meal"" | PS3 == ""Fruits"" & Region == ""West""'"
162,Table & Chart,Brands Volume Share: IMF + Dry Food,Brand,West,"""Volume"", ""Brand"", 11, 'PS0 == ""IMF"" | PS2 == ""Dry Food"" & Region == ""West""'","""Volume"", ""Brand"", 11, 'PS0 == ""IMF"" | PS2 == ""Dry Food"" & Region == ""West""'"
163,Table & Chart,Brands Value Share: IMF + Dry Food,Brand,West,"""Value"", ""Brand"", 11, 'PS0 == ""IMF"" | PS2 == ""Dry Food"" & Region == ""West""'","""Value"", ""Brand"", 11, 'PS0 == ""IMF"" | PS2 == ""Dry Food"" & Region == ""West""'"
164,Two charts 1,Price Segments in absolute  volume,PriceSegmentAbs,West,"""Volume"", ""PriceSegment"", 3, 'PS0 == ""IMF"" | PS2 == ""Dry Food"" & Region == ""West""'","""Volume"", ""PriceSegment"", 3, 'PS0 == ""IMF"" | PS2 == ""Dry Food"" & Region == ""West""'"
165,Table & Chart,Brands Volume Share: IMF,Brand,West,"""Volume"", ""Brand"", 11, 'PS0 == ""IMF"" & Region == ""West""'","""Volume"", ""Brand"", 11, 'PS0 == ""IMF"" & Region == ""West""'"
166,Table & Chart,Brands Value Share: IMF,Brand,West,"""Value"", ""Brand"", 11, 'PS0 == ""IMF"" & Region == ""West""'","""Value"", ""Brand"", 11, 'PS0 == ""IMF"" & Region == ""West""'"
167,Table & Chart,Brands Volume Share: Base IF,Brand,West,"""Volume"", ""Brand"", 10, 'PS2 == ""IF"" & PS3 == ""Base"" & Region == ""West""'","""Volume"", ""Brand"", 10, 'PS2 == ""IF"" & PS3 == ""Base"" & Region == ""West""'"
168,Table & Chart,Brands Value Share: Base IF,Brand,West,"""Value"", ""Brand"", 10, 'PS2 == ""IF"" & PS3 == ""Base"" & Region == ""West""'","""Value"", ""Brand"", 10, 'PS2 == ""IF"" & PS3 == ""Base"" & Region == ""West""'"
169,Table & Chart,Brands Volume Share: Base FO,Brand,West,"""Volume"", ""Brand"", 10, 'PS2 == ""FO"" & PS3 == ""Base"" & Region == ""West""'","""Volume"", ""Brand"", 10, 'PS2 == ""FO"" & PS3 == ""Base"" & Region == ""West""'"
170,Table & Chart,Brands Value Share: Base FO,Brand,West,"""Value"", ""Brand"", 10, 'PS2 == ""FO"" & PS3 == ""Base"" & Region == ""West""'","""Value"", ""Brand"", 10, 'PS2 == ""FO"" & PS3 == ""Base"" & Region == ""West""'"
171,Table & Chart,Brands Volume Share: Base Gum,Brand,West,"""Volume"", ""Brand"", 10, 'PS2 == ""Gum"" & PS3 == ""Base"" & Region == ""West""'","""Volume"", ""Brand"", 10, 'PS2 == ""Gum"" & PS3 == ""Base"" & Region == ""West""'"
172,Table & Chart,Brands Value Share: Base Gum,Brand,West,"""Value"", ""Brand"", 10, 'PS2 == ""Gum"" & PS3 == ""Base"" & Region == ""West""'","""Value"", ""Brand"", 10, 'PS2 == ""Gum"" & PS3 == ""Base"" & Region == ""West""'"
173,Table & Chart,Brands Volume Share: Specials,Brand,West,"""Volume"", ""Brand"", 11, 'PS3 == ""Specials"" & Region == ""West""'","""Volume"", ""Brand"", 11, 'PS3 == ""Specials"" & Region == ""West""'"
174,Table & Chart,Brands Value Share: Specials,Brand,West,"""Value"", ""Brand"", 11, 'PS3 == ""Specials"" & Region == ""West""'","""Value"", ""Brand"", 11, 'PS3 == ""Specials"" & Region == ""West""'"
175,Table & Chart,Brands Volume Share: Dry Food,Brand,West,"""Volume"", ""Brand"", 10, 'PS2 == ""Dry Food"" & Region == ""West""'","""Volume"", ""Brand"", 10, 'PS2 == ""Dry Food"" & Region == ""West""'"
176,Table & Chart,Brands Value Share: Dry Food,Brand,West,"""Value"", ""Brand"", 10, 'PS2 == ""Dry Food"" & Region == ""West""'","""Value"", ""Brand"", 10, 'PS2 == ""Dry Food"" & Region == ""West""'"
177,Table & Chart,Brands Volume Share: Instant Cereals,Brand,West,"""Volume"", ""Brand"", 10, 'PS3 == ""Instant Cereals"" & Region == ""West""'","""Volume"", ""Brand"", 10, 'PS3 == ""Instant Cereals"" & Region == ""West""'"
178,Table & Chart,Brands Value Share: Instant Cereals,Brand,West,"""Value"", ""Brand"", 10, 'PS3 == ""Instant Cereals"" & Region == ""West""'","""Value"", ""Brand"", 10, 'PS3 == ""Instant Cereals"" & Region == ""West""'"
179,Table & Chart,Brands Volume Share: Cereal Biscuits,Brand,West,"""Volume"", ""Brand"", 10, 'PS3 == ""Cereal Biscuits"" & Region == ""West""'","""Volume"", ""Brand"", 10, 'PS3 == ""Cereal Biscuits"" & Region == ""West""'"
180,Table & Chart,Brands Value Share: Cereal Biscuits,Brand,West,"""Value"", ""Brand"", 10, 'PS3 == ""Cereal Biscuits"" & Region == ""West""'","""Value"", ""Brand"", 10, 'PS3 == ""Cereal Biscuits"" & Region == ""West""'"
181,Table & Chart,Brands Volume Share: Puree,Brand,West,"""Volume"", ""Brand"", 10, 'PS3 == ""Fruits"" | PS3 == ""Savoury Meal"" & Region == ""West""'","""Volume"", ""Brand"", 10, 'PS3 == ""Fruits"" | PS3 == ""Savoury Meal"" & Region == ""West""'"
182,Table & Chart,Brands Value Share: Puree,Brand,West,"""Value"", ""Brand"", 10, 'PS3 == ""Fruits"" | PS3 == ""Savoury Meal"" & Region == ""West""'","""Value"", ""Brand"", 10, 'PS3 == ""Fruits"" | PS3 == ""Savoury Meal"" & Region == ""West""'"
